alias,source,bytes,sha256
btc.png,assets/figma_exact/crypto_btc_36_exact.png,2075,1b8668acc4f869b538ada5a1fdf6093592f82d114f4ac9f22a4eb7bc57b301d4
eth.png,assets/figma_exact/crypto_eth_exact.png,2062,6a267e45a3489276fa1866cb6a2d765d849b9c21199a12b1dae75a75240aff67
sol.png,assets/figma_exact/crypto_sol_exact.png,1595,72bc2092ec66b6c6f40bec9357a393c88b1ae2fe0c030e34b8986b66b33d2c18
usdt.png,assets/figma_exact/crypto_usdt_28_exact.png,1328,50d2dc36b4a34e24288f373be42a4e488a3a14f7ed93bf7c041a50f59b1454f2
usdc.png,assets/images/figma/usdc.png,2339,676bbe1b2b8f4dbea4af76f7500a39c46abb503732531c2157aed72234b2c959
profile.png,assets/figma_exact/crypto_user_photo_exact.png,4234,ff799bba9f37a5312e50760471134566a4663dcb01a6719025b96defd357a29c
profile_avatar.png,assets/figma_exact/crypto_user_photo_exact.png,4234,ff799bba9f37a5312e50760471134566a4663dcb01a6719025b96defd357a29c
promo_crypto.png,assets/figma_exact/crypto_promo_exact.png,24980,dc2be639278ed0d2d3ab2a81aac599ecc581fabf4b83232390f8fc2f3a7672eb
balance_wave.png,assets/images/figma/balance_wave.png,5663,553ec942a85e81178566c26f3a1fcb69701b82fda944f018b3c7321f72295eb1
withdraw.png,assets/images/figma/withdraw.png,264,5a19fdc6bc69dac5fa80e118b462c2dc41263b71c2f5065b551b026f059c097b
buy_back.png,assets/figma_exact/crypto_back_exact.png,995,ce9560d5b87f72ecc385375de036cfbb52728a229e409e98613825da050dac61
buy_close.png,assets/figma_exact/crypto_close_exact.png,992,ead042baeea4b9cabe0e73a091ee2e20b15c95e7f56b14ab1bdd4c84639b2ed2
buy_copy.png,assets/figma_exact/crypto_copy_exact.png,683,6fcd5696e5251a3c1e33aaf60cf073e89b3b0fc3baa323aba0880fb06247c53b
buy_nigeria.png,assets/figma_exact/crypto_nigeria_exact.png,7364,3e30e13d5ab0dae8e6dc2322a1498b7ca7910d200ae78da2fbc02acbcee12ddc
buy_backspace.png,assets/images/figma/buy_backspace.png,421,5ebb1f656f9808b0b89ae1be50de466a6b48c81d0ffee276cbaf01e7de352ed4
buy_exchange_down.png,assets/images/figma/buy_exchange_down.png,1036,50a43df35219c1531258d666d6b0ceeea905d59c6b2f591decf25dcfaa06006a
buy_lock.png,assets/images/figma/buy_lock.png,375,531fd6f78f90303091c307b580503e1827f19aeea15d237ad706c0dce66182fd
buy_pin_shield.png,assets/images/figma/buy_pin_shield.png,882,0372e25cddb666419baf30a731dbddec28663654f0ff2888818b316cc2700315
buy_process.png,assets/images/figma/buy_process.png,643,4bbd34bea5905134e1bc6f47f4569813668b2d59862e4f3bd3598e1fe30312a1
plus_circle.png,assets/figma_exact/crypto_plus_circle_exact.png,2058,63f2e2a936a554ee88f4fc463caad99d58c1f257f0db382989980ecd8f3db838
chevron_right.png,assets/figma_exact/crypto_chevron_right_exact.png,590,551b02d634c58e938bf6f37318daaf502f1ab5acaf17bd80bdfad99cf1d3e16e
bank.png,assets/figma_exact/crypto_bank_exact.png,1420,0b498140458045458f88a8f6f593491d7bde2b74a38d72146086a30d43706127
flashlight.png,assets/figma_exact/crypto_flashlight_exact.png,1597,0c30a0c591f46334f758843aeabb20b7758369dbd7cf5ff03ab0e00ec81f1619
qr_wallet.png,assets/figma_exact/crypto_qr_wallet_exact.png,1077,05e2be529fb88c34e40b3a0c32c33bf9808b4bfe56ed8d6e2c3c6c0d4d699e38
swap.png,assets/figma_exact/crypto_swap_exact.png,1026,6e811583be5fbde2fab04162e8a9e3670d4504e68b30a819c86858f655178de5
user_circle.png,assets/figma_exact/crypto_user_circle_exact.png,4235,4e991d87f2fa0c1fc06f88bc40ea12278764cc6b66a0b5293f3a4ab1cee5852c
network_warning.png,assets/images/figma/crypto_full/network_warning.png,678,a880b02c07caadee9280ef75b481d5bfa1b5ef5be67908338b22a5bafe4d00de
scanner_frame.png,assets/images/figma/crypto_full/scanner_frame.png,3293,c2957ba2a4de6b1244bd5b4cf8ff9aa33ed3bd2a1d105637465955bb05f50624
earn_gift.png,assets/icons/figma/earn_gift.png,497,94d73b1e24085baa420fb5b08a16781e57a2842be666fb2a11f2427d93f47260
notification.png,assets/figma_exact/crypto_notification_exact.png,3263,f02ab2dc4a15e20cce179dde347294f877df0a1f52f156350650395603cbb571
eye.png,assets/figma_exact/crypto_eye_exact.png,1348,0df7602ebb7758a0acd045e5981cdaa8815ea4c69ff857c3b7f12f1e0bdc7ab4
deposit_plus.png,assets/icons/figma/deposit_plus.png,492,c87be60642cf3be99e98182bc48d5875f98d0c0e6c576a496874b6c96ceae3f8
buy_action.png,assets/icons/figma/buy_action.png,430,9e39c5c6abebb9a374eaa28dabb553af495dcc6060c10ec8445f3a70c80fec35
sell_action.png,assets/icons/figma/sell_action.png,458,5948660ef7c60e267eb949fc39f04f378637aa35aa24b6b62bb48e56ecd8c9ef
gift_action.png,assets/icons/figma/gift_action.png,452,81b3b389356273aea5f4153405ed823fd4d995808427afc16cf2d23ab65ffd85
history_action.png,assets/icons/figma/history_action.png,637,cdbd298aa337d59b20511b27a924fa378fbba8eccd1f16280e3ed6ce3f2c4b39
nav_home.png,assets/icons/figma/nav_home.png,888,48d821e367fa464584890449d9fd35c32f15de6ffbce7e2f4f201a374d8dd765
nav_trade.png,assets/icons/figma/nav_trade.png,272,9eed942f4399fbe9baef5ade9bc916ec1e3f5cf4d2e3f44ee6f14be310165f16
nav_gift.png,assets/icons/figma/nav_gift.png,517,21a8274c10fbf004f0e5334f32d47be9988ef3cc671a37b8b69f5631f51d15c7
nav_settings.png,assets/icons/figma/nav_settings.png,1079,02b97d16eeceb1237eb01c1dd1edd27106fb98be4a763b1a5bd07566c7079212
amazon.png,assets/figma_exact/gift_amazon_37_exact.png,1630,0b235c8944b75ae269d750feb500cbaf14eecdca15c7c1e18a010fc9fea96eba
amex.png,assets/figma_exact/gift_amex_exact.png,1322,e2cc2c15333bc39e58a6e23fc4a0f354ed158129a1fec14196aee1f42453eb0b
apple.png,assets/figma_exact/gift_apple_37_exact.png,816,a15cfb4f3751dcda8ed48c0c5505384441832d74108c13b3953340e83fe6fe79
ebay.png,assets/figma_exact/gift_ebay_exact.png,1605,c124b570873dc07b4b411351c70c1d948a9308730ba576212fa2627c04884c7b
google_play.png,assets/figma_exact/gift_google_play_exact.png,3450,4e9b50bf1b3865e8c4d81bb16d1cc047a50c2111cb7d53f9438d8ea4159f5b26
razer.png,assets/figma_exact/gift_razer_exact.png,5536,728baf22275cd77a406b311011c59caab145c97d235db1affa1946d227cae852
steam.png,assets/figma_exact/gift_steam_exact.png,4397,ed50c4ac7b268362a5e0e8cc14e6b93b3ab365efc9ca6419cb250113bf6c1997
walmart.png,assets/figma_exact/gift_walmart_exact.png,4827,e158bd75c3ea27592a839e3ac5f7e52f9205e21c125da2e66f0edcc5a21e6bf0
apple_card_photo.png,assets/figma_exact/gift_card_photo_188_exact.png,23024,6e85407812872ff2a4597e3b256dd43967662e6375f8327463ad95307445f91e
check_mark.png,assets/figma_exact/gift_check_exact.png,2860,23d3625efcb0db9165ec5ebe8dcbd9c1b7a48b5603787cb82cb254b790912211
clock.png,assets/figma_exact/gift_clock_exact.png,5145,77b0b1dbc6ad8af7a39e17bf2aa5fc3e71618b8a6192b4ac03eba4ef151f779a
gallery.png,assets/figma_exact/gift_gallery_exact.png,2929,56bb61a2b929c6cf7fc9b93aea8a56f7bc3a74d02d6efc20e0cae4da945d1e10
gift.png,assets/figma_exact/gift_gift_exact.png,1195,98b9ddbbf1d067d1dfa1fe2e25f00e559ad71079c3c694642d5de33e3bdf8cd5
lightning.png,assets/figma_exact/gift_lightning_exact.png,1048,c92e77a06f2efd2494fe84f9038407ed5a492c4340c11028cdae048d33540fa0
mail.png,assets/figma_exact/gift_mail_exact.png,1204,597cfbb594ffddbb0f72350140a86f53f6b3fe13b8c383dc6077a8b1738c9246
search.png,assets/figma_exact/gift_search_exact.png,2432,2ab04527bb6d56a607ed2bf339f1d150ef7f957b6ed1b1827dbaf9e60ad61c00
user.png,assets/figma_exact/gift_user_exact.png,867,dff2eade7a0c40023589123b6d656fc9e4b6653b8797790ee5b829c4482516d1
phone.png,assets/images/figma/gift_cards/phone.png,393,54939d62c37058fbfee249f4d6e87bb82a9a3760c470e60b0e31aab9e14da1b0
wallet.png,assets/images/figma/gift_cards/wallet.png,539,2c977482af15d2830ca79045e44d14fdbe735b1892861f3e3c2e97a744fa9974
trend.png,assets/images/figma/gift_cards/trend.png,363,3776caca476b1c9f0009e3865a6c4589926fe46b5b3f120b2c4b1ffff0ebc215
profile_chevron.png,assets/images/figma/profile_settings/icons/profile_chevron.png,619,1310b133d3812052a40604456b4378463cd8e5f046bf22052e2f69d0b7ff6f23
identity.png,assets/images/figma/profile_settings/kyc/identity.png,977,5b0f405a5650ef348c0b2d7b7ab748a9b5c6de4bc4f82b7331e5c0bcaa2ea9d9
selfie.png,assets/images/figma/profile_settings/kyc/selfie.png,2674,6e607c00009e5fde38905fe2efbd317554ae79d36320271dd05d1e3c6ff3c62c
national_id.png,assets/images/figma/profile_settings/kyc/national_id.png,1281,8b835d919dd6d963647f13f6f4d0c900a855981f668c6a481de326e7744bb45b
passport.png,assets/images/figma/profile_settings/kyc/passport.png,1987,4c62425ba0353a0b577a0fa3c6f6805efa40defd31fccd3db52e8d75b75d0e07
driver.png,assets/images/figma/profile_settings/kyc/driver.png,1008,d4ce47ce73e6ee1c1b5d4d93a04fa782f6a6bcbc9f4d3d0f26fc51a4829f4198
selfie_reference.jpg,assets/images/figma/profile_settings/kyc/selfie_reference.jpg,12288,f490d668ed9f9ee908eb6d7d9577a65cdb9aeb77d07a526b662f2d4da65737b3
support_chat.png,assets/images/figma/profile_settings/support/chat.png,615,043e2f4b3220b1957566733dec228eef9bcc090bc2b8d66fb5bf1ac76ad2ddfb
support_email.png,assets/images/figma/profile_settings/support/email.png,1099,51b6c766fd5724924442bae78ac0e8705ddea6bf4fb26c2d8ca1f539b96d2666
support_instagram.png,assets/images/figma/profile_settings/support/instagram.png,2425,50a28aabf450578cf1fad990313376d75bcfae0c34b14fc13e27a6f03e6b132b
support_linkedin.png,assets/images/figma/profile_settings/support/linkedin.png,1158,d2bd84e745902f0a0b531864ec669a9ddb740d9b014451a0ba3e9fa67cd5dc99
support_x.png,assets/images/figma/profile_settings/support/x.png,2188,d1000c94de1067f257d23763b6404a70e01faab889c4f833dfbd2224298e2ef8
