asset,source_zip,inner_zip,original_path,bytes,sha256
settings_profile_gifs__settingsandprofilegifs_0585b4498a7f3b41fcd162cf5ef635becf11c68a.gif,settingsandprofilegifs.zip,,settingsandprofilegifs/0585b4498a7f3b41fcd162cf5ef635becf11c68a.gif,69793,4dcebc30963cf05103f8ea5308c7d272a6b2db1e679a0ff639dfaa0d0e6adc76
settings_profile_gifs__settingsandprofilegifs_326e512e510c08f1b12c3e8bf97286317aad646e.gif,settingsandprofilegifs.zip,,settingsandprofilegifs/326e512e510c08f1b12c3e8bf97286317aad646e.gif,174652,ae8d212efea62f9d6a92689f3104bd7639d292989df2b442bab723340b93b409
dashboard_crypto_icons__Ellipse_8.svg,dashboardandcryptoicons.zip,,Ellipse 8.svg,152,ee7ac24daf613312b47b682b2c3178fee3be28268f2fea10c55474d8fe9b6c16
dashboard_crypto_icons__Icon.svg,dashboardandcryptoicons.zip,,Icon.svg,463,6af77902a396b3551e4a2b7186ad3781b2fe256d7fd4ad2b5349a600084dd320
dashboard_crypto_icons__Key.svg,dashboardandcryptoicons.zip,,_Key.svg,1111,524f191bd8c84d6c52b3a14f10da8abe3b094b9dd1ed963c7616de4f5dfe4581
dashboard_crypto_icons__akar-icons_check-box.svg,dashboardandcryptoicons.zip,,akar-icons_check-box.svg,459,2fd3b10b36d284e3b56b5168c48aa70839b24a2a03c07c0eb8395d11a13047fc
dashboard_crypto_icons__akar-icons_box.svg,dashboardandcryptoicons.zip,,akar-icons_box.svg,349,cfb4decb3bddd54e1b5a715140e96fafd3d8a5a93244c79ced57c72b258f4d89
dashboard_crypto_icons__Vector_313.svg,dashboardandcryptoicons.zip,,Vector 313.svg,155,1f3ba897da0d660c2542d0c0cd1873f3f2f01fe5534c1c8d06b3dd30b4304950
dashboard_crypto_icons__ep_arrow-right.svg,dashboardandcryptoicons.zip,,ep_arrow-right.svg,881,7bb0772fe5c4b8337f7075a418984ef654c4ac0b358cf0265b7aade5a82f42f8
dashboard_crypto_icons__bank.svg,dashboardandcryptoicons.zip,,bank.svg,857,5c8f291238fda661605707f3c5391b7dbb2fc4f1f35655a99dfa56116feddd6d
dashboard_crypto_icons__ant-design_exclamation-circle-outlined.svg,dashboardandcryptoicons.zip,,ant-design_exclamation-circle-outlined.svg,936,ee7abe0d7ba2ceef069a6bd6deb7043b57f6b2c87e7a63ab4d8939fb41c8e158
dashboard_crypto_icons__Vector_314.svg,dashboardandcryptoicons.zip,,Vector 314.svg,0,e3b0c44298fc1c149afbf4c8996fb92427ae41e4649b934ca495991b7852b855
dashboard_crypto_icons__icon-park-outline_flashlight.svg,dashboardandcryptoicons.zip,,icon-park-outline_flashlight.svg,886,17d7be76946558030ae31ba8b198e0c1f9981d3207f34c4e2d53844187cffcaf
dashboard_crypto_icons__Vector.svg,dashboardandcryptoicons.zip,,Vector.svg,645,32816c5fc91b526bec97de751a340545b70cf07638f695de5a7e460aa93946d7
dashboard_crypto_icons__zondicons_exclamation-solid.svg,dashboardandcryptoicons.zip,,zondicons_exclamation-solid.svg,0,e3b0c44298fc1c149afbf4c8996fb92427ae41e4649b934ca495991b7852b855
dashboard_crypto_icons__vuesax_linear_arrow-down.svg,dashboardandcryptoicons.zip,,vuesax/linear/arrow-down.svg,316,487b138ad6accc9c27bcd9ce80b3f5517ff823d3b3fe3a3f4ceb2450ef314e23
dashboard_crypto_icons__boxicons_qr.svg,dashboardandcryptoicons.zip,,boxicons_qr.svg,1199,6ceabf9e799bf07a58aca7bea67eccd335e23e269fe5c58ecd94faba9da8800a
dashboard_crypto_icons__Vector_17.svg,dashboardandcryptoicons.zip,,Vector 17.svg,164,3d5cbddcc08a39daaec894673565b17bea04a33e407691af9b81e8fa541276d9
dashboard_crypto_icons__prime_book.svg,dashboardandcryptoicons.zip,,prime_book.svg,1824,74c61fd7b7d68f2961531fd7c2d89bef39916410c4531c14e8712eaf7e84abf0
dashboard_crypto_icons__material-symbols-light_link-rounded.svg,dashboardandcryptoicons.zip,,material-symbols-light_link-rounded.svg,2232,1ef78c682f96ca43d71137d36edb2d7eee0f77404b2a9667e0ca38ba3bfaca81
dashboard_crypto_icons__CurrencyBtc.svg,dashboardandcryptoicons.zip,,CurrencyBtc.svg,2418,e0e562da8513bebffd5bbcb1b1bf3184afd9122fa153050ffc0ec6eb4ea1e409
dashboard_crypto_icons__boxicons_qr-1.svg,dashboardandcryptoicons.zip,,boxicons_qr-1.svg,687,651cfd369535e67d29d15dc37f486f54f6f131b6262f34f5611088a6f94fb527
dashboard_crypto_icons__ep_arrow-right-1.svg,dashboardandcryptoicons.zip,,ep_arrow-right-1.svg,883,72df7edfa577e62896d36ac869063e99cf96bbc7161c80b197cdac60776bc8cc
dashboard_crypto_icons__UserCircle.svg,dashboardandcryptoicons.zip,,UserCircle.svg,855,5d1546574aa87d37263906da6ea739ab601f406376e2d80d4358eb4c297f26c1
dashboard_crypto_icons__vuesax_outline_solana-_sol_.svg,dashboardandcryptoicons.zip,,vuesax/outline/solana-(sol).svg,1953,49579db5389a8caa06d90159e24ddf18b10d9e3a93e9c1d652f64de90b73918a
dashboard_crypto_icons__Nigeria_NG_.svg,dashboardandcryptoicons.zip,,Nigeria (NG).svg,529,19499fd645ec077629cc5777c830a6e7680b6a666c19f4ff17a71cf8cd514064
dashboard_crypto_icons__PlusCircle.svg,dashboardandcryptoicons.zip,,PlusCircle.svg,1318,487670f3a6cc5f966f76f9fbb8892ebb52074559857083dd03e2b0624db3bdaf
dashboard_crypto_icons__settings-02.svg,dashboardandcryptoicons.zip,,settings-02.svg,1639,f9153de2996fa9d34b906072539ffba179850c1612067bad8936cd16c7273431
dashboard_crypto_icons__Gift.svg,dashboardandcryptoicons.zip,,Gift.svg,690,b66973d78d84e0b86e13fdbfe4fecde71b4fe7453435fc8241c1284a4a8e5831
dashboard_crypto_icons__home-01.svg,dashboardandcryptoicons.zip,,home-01.svg,640,25bb6772ac57452b8be9894583b1328f2b82ef880eee38846395ff1e72cde211
dashboard_crypto_icons__vuesax_linear_arrow-left.svg,dashboardandcryptoicons.zip,,vuesax/linear/arrow-left.svg,318,a7bd0803dfdac250d43072c95623b7e675e245e17238f4e1f3b6f6d3786d3f35
dashboard_crypto_icons__vuesax_linear_tether-_usdt_.svg,dashboardandcryptoicons.zip,,vuesax/linear/tether-(usdt).svg,800,60fc0f04d53cbb66ea8b098cc1044b6dbecfa619c679b189da958d28ffed7ba5
dashboard_crypto_icons__CurrencyEth.svg,dashboardandcryptoicons.zip,,CurrencyEth.svg,463,1bc31d949d5c74edfd867109996497d68277e36a46b5bf7adece130e85036642
dashboard_crypto_icons__CurrencyBtc-1.svg,dashboardandcryptoicons.zip,,CurrencyBtc-1.svg,2422,78739df1644ad406d5f62c58a71f9229ec7603ab68884563e2e89bbc0ff6a6a3
dashboard_crypto_icons__Icon-1.svg,dashboardandcryptoicons.zip,,Icon-1.svg,245,a2d0782b01c88c9a96c3ea78c8ff77e77fadddd385300e606b49ec522836ccf8
dashboard_crypto_icons__Icon-2.svg,dashboardandcryptoicons.zip,,Icon-2.svg,383,bfefee5fbe3413adc74d5302b48541462815d78b0e0c9a69985346085b845320
dashboard_crypto_icons__Clock.svg,dashboardandcryptoicons.zip,,Clock.svg,425,56077c6577cdeca72a68eec207ccb8b83f99e70a2659cabe081f1ab50e59d125
dashboard_crypto_icons__Gift-1.svg,dashboardandcryptoicons.zip,,Gift-1.svg,2942,aa0753df08803652ec5a3de82ea17a7d7a455a640ce3dee0f06d49cf8f42d6c7
dashboard_crypto_icons__ArrowsClockwise.svg,dashboardandcryptoicons.zip,,ArrowsClockwise.svg,1935,e8f4d5f179a1068802ca345f08e0634045975669d67424a52b8a1635a1580177
dashboard_crypto_icons__hugeicons_bitcoin-transaction.svg,dashboardandcryptoicons.zip,,hugeicons_bitcoin-transaction.svg,1005,812ebcb8ab2aa3717ca53bab5dc51331dcd73dba33d45242100ae4abdd857d40
dashboard_crypto_icons__ArrowDownLeft.svg,dashboardandcryptoicons.zip,,ArrowDownLeft.svg,1020,0be22edc9ca398ed32855219f0a78b15e515a81b322ef264049eb44094039ebf
dashboard_crypto_icons__PlusCircle-1.svg,dashboardandcryptoicons.zip,,PlusCircle-1.svg,1356,549854d5e96c6938f2f1e0a48de8914a05160bac64c8bbf1bc5282158e20bf50
dashboard_crypto_icons__vuesax_linear_eye.svg,dashboardandcryptoicons.zip,,vuesax/linear/eye.svg,773,9e0f56b5113f17ccc91d4cdf01866fecec0a383874d30d753c63f253432edae3
dashboard_crypto_icons__vuesax_outline_notification-bing.svg,dashboardandcryptoicons.zip,,vuesax/outline/notification-bing.svg,1740,3210437459739c3a09a9fae5ba3aa91673e932e324445812bfb54bd1a703ed67
dashboard_crypto_icons__ph_gift-light.svg,dashboardandcryptoicons.zip,,ph_gift-light.svg,3607,e3f3652d5ec90104e3923b7a0432bd95061a9986a9018ded7b44859737434ad7
dashboard_crypto_icons__Wallet.svg,dashboardandcryptoicons.zip,,Wallet.svg,654,a977351958987fd0b1c2813e8cbc4e26784a69c4d530bb5063e930b4f57ed7b2
dashboard_crypto_icons__emojione_white-heavy-check-mark.svg,dashboardandcryptoicons.zip,,emojione_white-heavy-check-mark.svg,504,99b84fac8147552388cdbfea07a4710c6746866a1defd639b450eb0a0c650334
dashboard_crypto_icons__lucide_equal-approximately.svg,dashboardandcryptoicons.zip,,lucide_equal-approximately.svg,575,4705ae9fc0b1e75405b8c091262ff3b4d0917b6f9a9841a86625c06c41720706
dashboard_crypto_icons__zondicons_exclamation-solid-1.svg,dashboardandcryptoicons.zip,,zondicons_exclamation-solid-1.svg,1018,c2eef5200411bf8bf4b7ab8f8d916abdb5f46f0477a3a3c4f411e59abc90d0cb
dashboard_crypto_icons__Group.svg,dashboardandcryptoicons.zip,,Group.svg,432,3297847e5c7c3c5e0558f705f8ed6ff1be3f6fae738410ad85556ab0b104ffd1
dashboard_crypto_icons__ci_arrow-right-lg.svg,dashboardandcryptoicons.zip,,ci_arrow-right-lg.svg,270,dfed02fc55537a1fd80eac9146958d1c6ab3a7096b8a54ae584c6f406b1cb83a
dashboard_crypto_icons__Nigeria_NG_-1.svg,dashboardandcryptoicons.zip,,Nigeria (NG)-1.svg,455,cbbca3cd61f681460e451f0b1c0cf8d338208d19e9edce99886f3ea784678924
dashboard_crypto_icons__hugeicons_approximately-equal.svg,dashboardandcryptoicons.zip,,hugeicons_approximately-equal.svg,416,95ee81b2377260178787e44f0c2f6c390ba57c2d1549c6106c34bd3a70bf237b
dashboard_crypto_icons__hugeicons_approximately-equal-1.svg,dashboardandcryptoicons.zip,,hugeicons_approximately-equal-1.svg,416,c966cf2532c110bd6a7231129e917834fe590f329002a5a543ef62046760de1c
dashboard_crypto_icons__ep_arrow-right-2.svg,dashboardandcryptoicons.zip,,ep_arrow-right-2.svg,883,5a91bdaf6f399483e65e5a7066dc7a6300f6d76a573edac3b9e5332efca489ab
dashboard_crypto_icons__hugeicons_approximately-equal-2.svg,dashboardandcryptoicons.zip,,hugeicons_approximately-equal-2.svg,381,49e608b555037c6d88096fc4e4cd42595c6c0942ad0b15b4b89fcec415a9d147
dashboard_crypto_icons__Nigeria_NG_-2.svg,dashboardandcryptoicons.zip,,Nigeria (NG)-2.svg,455,2b3734504d7e45e8d32a7509597ada150fa6f48ba63d6c25cb6a0c98d5be9a12
dashboard_crypto_icons__iconamoon_swap.svg,dashboardandcryptoicons.zip,,iconamoon_swap.svg,243,9b8f87e78dc502c8392818a825969f54876b60e8b9dce1bf43fae8af6b9ffa68
dashboard_crypto_icons__search.svg,dashboardandcryptoicons.zip,,search.svg,466,6a01d2c60c38a1416775b6df9f62d5585925158891002718630bfa0c14d80dc9
dashboard_crypto_icons__nav-arrow-up.svg,dashboardandcryptoicons.zip,,nav-arrow-up.svg,214,e1ddfcbede2d5883c640f53ff6450b181c4c0a868894dec156823f26fb6b9d51
dashboard_crypto_icons__hugeicons_approximately-equal-3.svg,dashboardandcryptoicons.zip,,hugeicons_approximately-equal-3.svg,381,20f5099fbdcf5826f4ea71345aa5ec3d5a963abe109bb6b3e26308044ec7c1fc
dashboard_crypto_icons__material-symbols-light_link-rounded-1.svg,dashboardandcryptoicons.zip,,material-symbols-light_link-rounded-1.svg,2234,6958793bba23c31728d6300f9452dc274176f91f25f50d98a9c54fb9d4fe98a4
dashboard_crypto_icons__ph_copy-thin.svg,dashboardandcryptoicons.zip,,ph_copy-thin.svg,846,936f4801f162a6d6be5445c62012294d3e8e8481435ff7d468e206aeb596e21e
dashboard_crypto_icons__zondicons_exclamation-solid-2.svg,dashboardandcryptoicons.zip,,zondicons_exclamation-solid-2.svg,1020,0de575a9eb6bfbc56811c4892ee8884571fa5f1b48e34ecad8bca4c2afd261fb
dashboard_crypto_icons__Vector_314-1.svg,dashboardandcryptoicons.zip,,Vector 314-1.svg,140,a6f2a15f4a113fceaa8c90c77fed6a34c5908b9de0ddbf41780e2e1d1b088f75
dashboard_crypto_icons__copy.svg,dashboardandcryptoicons.zip,,copy.svg,866,8e36670c9ce75699ea117885d15a442ae36571ade91d1a49a032d54de13e073b
dashboard_crypto_icons__icon-park-twotone_check-one.svg,dashboardandcryptoicons.zip,,icon-park-twotone_check-one.svg,1262,b33c4cf5d5e186c8654b8cd2248bc5d915c0509726c534b2ecae3e01294f2d68
dashboard_crypto_icons__nav-arrow-left.svg,dashboardandcryptoicons.zip,,nav-arrow-left.svg,215,4dea7048e75b1f712e30f48f469cf5d5dce9b0444342262846dca01a4ebfa567
dashboard_crypto_icons__CurrencyBtc-2.svg,dashboardandcryptoicons.zip,,CurrencyBtc-2.svg,2415,c109611ef2ff66d0d3092e2c6dc68ebae032ed78d4157251cff215aa90ebf7d2
dashboard_crypto_icons__Privacy_Indicator_None.svg,dashboardandcryptoicons.zip,,Privacy Indicator/None.svg,0,e3b0c44298fc1c149afbf4c8996fb92427ae41e4649b934ca495991b7852b855
dashboard_crypto_icons__Battery_Full_Uncharged.svg,dashboardandcryptoicons.zip,,Battery/Full Uncharged.svg,1976,153d388ce90f41e6cb5f429eef9e809a6baff3522af0be180283418e433d4b3d
dashboard_crypto_icons__xmark.svg,dashboardandcryptoicons.zip,,xmark.svg,307,2e20c9b524066e004b34f8ee0b5e6489f0019bf5d3706444638789f59d79273c
dashboard_crypto_icons__Network_WiFi_Full.svg,dashboardandcryptoicons.zip,,Network/WiFi Full.svg,1470,ce31ee8f8646c3aa4ccf8f8a6ba2bfaf5c15bb76502d82eee5fc01130f8869ea
dashboard_crypto_icons__SIM_1_-_Single_SIM.svg,dashboardandcryptoicons.zip,,SIM/1 - Single SIM.svg,394,3b503ace75917a3b11d9e91b10badc2f448a6db23cf7f2bad6a848eb69931203
dashboard_crypto_images__Davochain_Logo.png,dashboardandcryptoimages.zip,,Davochain Logo.png,1402,47141ab098d35bba9804b6dab73502f701fd9dbf2a17ed32f01030f4280cf9cb
dashboard_crypto_images__image_5.png,dashboardandcryptoimages.zip,,image 5.png,1328,50d2dc36b4a34e24288f373be42a4e488a3a14f7ed93bf7c041a50f59b1454f2
dashboard_crypto_images__image_7.png,dashboardandcryptoimages.zip,,image 7.png,24980,dc2be639278ed0d2d3ab2a81aac599ecc581fabf4b83232390f8fc2f3a7672eb
dashboard_crypto_images__Frame_1000004941.png,dashboardandcryptoimages.zip,,Frame 1000004941.png,4234,ff799bba9f37a5312e50760471134566a4663dcb01a6719025b96defd357a29c
dashboard_crypto_images__SOL_-_SOL_Portal_.png,dashboardandcryptoimages.zip,,SOL - SOL (Portal).png,1595,72bc2092ec66b6c6f40bec9357a393c88b1ae2fe0c030e34b8986b66b33d2c18
dashboard_crypto_images__WBNB_-_Wrapped_BNB.png,dashboardandcryptoimages.zip,,WBNB - Wrapped BNB.png,2035,3b210d423e00aab7042c31c9e399b193319de319509fb9758318397f12a625cd
dashboard_crypto_images__BTC_-_Wrapped_BTC.png,dashboardandcryptoimages.zip,,BTC - Wrapped BTC.png,905,d14c0fdf9effc2efd367f75326f1416eff70a861bb5ee7263f8b7d07e26a1462
dashboard_crypto_images__BTC_-_Wrapped_BTC-1.png,dashboardandcryptoimages.zip,,BTC - Wrapped BTC-1.png,2075,1b8668acc4f869b538ada5a1fdf6093592f82d114f4ac9f22a4eb7bc57b301d4
dashboard_crypto_images__Davochain_Logo-1.png,dashboardandcryptoimages.zip,,Davochain Logo-1.png,1172,a0cfa7e6e3a90de1fcd33ff9a47affc04e13543735e06708dc9a0da99d3e4139
dashboard_crypto_images__BTC_-_Wrapped_BTC-2.png,dashboardandcryptoimages.zip,,BTC - Wrapped BTC-2.png,1774,7c67274d8e9d55593f4b45bc778826c484635d40018e963d9d7a6408263031ca
dashboard_crypto_images__FETH_-_fETH.png,dashboardandcryptoimages.zip,,FETH - fETH.png,2062,6a267e45a3489276fa1866cb6a2d765d849b9c21199a12b1dae75a75240aff67
dashboard_crypto_images__image_5-1.png,dashboardandcryptoimages.zip,,image 5-1.png,889,7f263edecaeac1024dfd511557868e9c98901e911ac31df82c5a797f8d40d730
dashboard_crypto_images__BTC_-_Wrapped_BTC-3.png,dashboardandcryptoimages.zip,,BTC - Wrapped BTC-3.png,1016,15ab28632e6ef6b49c1862ecb7ae800f6885b636bdd4bd277649f329e265fa54
dashboard_crypto_images__image_5-2.png,dashboardandcryptoimages.zip,,image 5-2.png,606,c3071efd1feec649ad20d7b44d17a49de89819b2e99c9917d0de8ab56934b426
dashboard_crypto_images__BTC_-_Wrapped_BTC-4.png,dashboardandcryptoimages.zip,,BTC - Wrapped BTC-4.png,649,ef90d7d3642f42b209fbdedd1c4d92c16f6ecb7e3e535e85b53d1b6938d5301c
dashboard_crypto_gifs__dashbardandcryptgifs_4d6e1474ce658d29d4eaabd043e0c07fe0db035c.gif,dashbardandcryptgifs.zip,,dashbardandcryptgifs/4d6e1474ce658d29d4eaabd043e0c07fe0db035c.gif,36165,996fcca9a25fc549fbf043df7bf72a9583f243e48b373a4e265d963be027d0fb
dashboard_crypto_gifs__dashbardandcryptgifs_a56b5b485b8874cc26d0b3c667bfc016ba68cf23.gif,dashbardandcryptgifs.zip,,dashbardandcryptgifs/a56b5b485b8874cc26d0b3c667bfc016ba68cf23.gif,44668,4320f2c5f5e82baa7a96d974f70f6030070e66d623d536025d7f0d228290cce8
giftcards_icons__Icon.svg,giftcardsicons.zip,,Icon.svg,463,6af77902a396b3551e4a2b7186ad3781b2fe256d7fd4ad2b5349a600084dd320
giftcards_icons__Key.svg,giftcardsicons.zip,,_Key.svg,1111,524f191bd8c84d6c52b3a14f10da8abe3b094b9dd1ed963c7616de4f5dfe4581
giftcards_icons__Icon-1.svg,giftcardsicons.zip,,Icon-1.svg,383,bfefee5fbe3413adc74d5302b48541462815d78b0e0c9a69985346085b845320
giftcards_icons__vuesax_linear_arrow-left.svg,giftcardsicons.zip,,vuesax/linear/arrow-left.svg,318,a7bd0803dfdac250d43072c95623b7e675e245e17238f4e1f3b6f6d3786d3f35
giftcards_icons__Icon-2.svg,giftcardsicons.zip,,Icon-2.svg,259,6ba743236450ddde4ce514268d259e8f85d65ff626be9fae53079ebff4031ba2
giftcards_icons__Icon-3.svg,giftcardsicons.zip,,Icon-3.svg,1354,f009693c9c6c17a49580ae22a2a9e50874a78c618385c010be98f102d943fb16
giftcards_icons__ix_electrical-energy-filled.svg,giftcardsicons.zip,,ix_electrical-energy-filled.svg,276,0114bdcc9c065207d2b1493c703aa98563196f3ebb51f489f251d820e15f6bbd
giftcards_icons__mobile_check.svg,giftcardsicons.zip,,mobile_check.svg,934,6960ed9a0f06ebea4675adddcb87bc97be8222453b7d6e1b88dbc3f4d0bfae95
giftcards_icons__mail.svg,giftcardsicons.zip,,mail.svg,725,31573adf16f2e8a865fceca474b4a226b8953eb49c262ece29ca97cb80f8143d
giftcards_icons__iconoir_gift.svg,giftcardsicons.zip,,iconoir_gift.svg,1242,8af41408b921f54a3caf4c105d95bdb7915f60b0a1b888b5169183229c341146
giftcards_icons__mdi_user.svg,giftcardsicons.zip,,mdi_user.svg,492,86f9e278c703c48d10d7120d1188b206613fa987f109c16ab51fc21184d0afb7
giftcards_icons__radix-icons_copy.svg,giftcardsicons.zip,,radix-icons_copy.svg,1274,b09cbfd7ebfe1e95dd5e8eb54242123d22f0090760f9d42127923bbc3483bc12
giftcards_icons__Ellipse.svg,giftcardsicons.zip,,Ellipse.svg,151,2f4d634689005eb91c08ccf434734434d4530d2dcc61274d0d8176fdb7851a32
giftcards_icons__Ellipse-1.svg,giftcardsicons.zip,,Ellipse-1.svg,142,a70931c45c5383794cd3e1358d26a4dedd14e8a27169dcadb6a67ee22d94d735
giftcards_icons__ri_time-line.svg,giftcardsicons.zip,,ri_time-line.svg,797,8b87cea211a242f061c83463250e7bddb174cdf625667d05d2ab837613953dde
giftcards_icons__copy.svg,giftcardsicons.zip,,copy.svg,740,031e0603986164e56965692e0aa5fb2eae1adb2764a62d8261699a397032864c
giftcards_icons__Icon-4.svg,giftcardsicons.zip,,Icon-4.svg,925,0614a0ce543131e0df59f285040cd3a1c7d83c01d70787e3d4e20adc4c7d2788
giftcards_icons__emojione_white-heavy-check-mark.svg,giftcardsicons.zip,,emojione_white-heavy-check-mark.svg,565,4c16433f5e63143faf10f1be89c0c1a9fd7e649624cab75c7aca5afeff088181
giftcards_icons__solar_gallery-round-bold.svg,giftcardsicons.zip,,solar_gallery-round-bold.svg,1560,d1e47d4ff6d1d61c441d953aecbecce5217ff70398d208d99f1fd0e8872b2592
giftcards_icons__bitcoin-icons_arrow-up-filled.svg,giftcardsicons.zip,,bitcoin-icons_arrow-up-filled.svg,1321,f72aa436b4e9daafa21fc981122f303c3bec12841672b0e6653b8b5c7c716591
giftcards_icons__nav-arrow-left.svg,giftcardsicons.zip,,nav-arrow-left.svg,216,722a63830b440ffc6505ea509ffeb3c9bb687a828318094bc76d85673744f41c
giftcards_icons__Privacy_Indicator_None.svg,giftcardsicons.zip,,Privacy Indicator/None.svg,0,e3b0c44298fc1c149afbf4c8996fb92427ae41e4649b934ca495991b7852b855
giftcards_icons__Battery_Full_Uncharged.svg,giftcardsicons.zip,,Battery/Full Uncharged.svg,1976,153d388ce90f41e6cb5f429eef9e809a6baff3522af0be180283418e433d4b3d
giftcards_icons__mynaui_search.svg,giftcardsicons.zip,,mynaui_search.svg,533,b6d853569a127e463536d4759d8a442c145fb55c9b532002d8bf3813c46ddb3d
giftcards_icons__Network_WiFi_Full.svg,giftcardsicons.zip,,Network/WiFi Full.svg,1470,ce31ee8f8646c3aa4ccf8f8a6ba2bfaf5c15bb76502d82eee5fc01130f8869ea
giftcards_icons__SIM_1_-_Single_SIM.svg,giftcardsicons.zip,,SIM/1 - Single SIM.svg,394,49b4f6db9bf2da9469c2b64ff1d7797dbba015fac35ee9cc15a794a346936ad0
giftcards_images__Frame_1000005828.png,giftcardsimages.zip,,Frame 1000005828.png,23024,6e85407812872ff2a4597e3b256dd43967662e6375f8327463ad95307445f91e
giftcards_images__Frame_67.png,giftcardsimages.zip,,Frame 67.png,3526,e3176057836a3f242be78040ddd3a085af76f9afee038c2825beec50f2a25800
giftcards_images__Frame_67-1.png,giftcardsimages.zip,,Frame 67-1.png,2539,a580825e1a444603314f58ad501fc39fff3cb007bd243a760f76ba3c0fa0a39a
giftcards_images__Frame_1000005512.png,giftcardsimages.zip,,Frame 1000005512.png,551,ef87ea2f9ea193b301e1e15689445dbd0f1e7ce778e313e77cdf4015c38d5983
giftcards_images__Frame_66.png,giftcardsimages.zip,,Frame 66.png,2736,aa0bbcd24f00e1fb5628cf5587b9ab42a80845a884d6865e353b91d83180c5fc
giftcards_images__Frame_67-2.png,giftcardsimages.zip,,Frame 67-2.png,1286,4856155f5c16eb48ce6c8ae5137509a8d86a3ba1b2152b2e22923e8afec056aa
giftcards_images__Frame_1000005512-1.png,giftcardsimages.zip,,Frame 1000005512-1.png,816,a15cfb4f3751dcda8ed48c0c5505384441832d74108c13b3953340e83fe6fe79
giftcards_images__Frame_67-3.png,giftcardsimages.zip,,Frame 67-3.png,1322,e2cc2c15333bc39e58a6e23fc4a0f354ed158129a1fec14196aee1f42453eb0b
giftcards_images__Frame_66-1.png,giftcardsimages.zip,,Frame 66-1.png,1630,0b235c8944b75ae269d750feb500cbaf14eecdca15c7c1e18a010fc9fea96eba
giftcards_images__Frame_1000005785.png,giftcardsimages.zip,,Frame 1000005785.png,4827,e158bd75c3ea27592a839e3ac5f7e52f9205e21c125da2e66f0edcc5a21e6bf0
giftcards_images__Frame_1000005785-1.png,giftcardsimages.zip,,Frame 1000005785-1.png,5536,728baf22275cd77a406b311011c59caab145c97d235db1affa1946d227cae852
giftcards_images__Frame_67-4.png,giftcardsimages.zip,,Frame 67-4.png,1605,c124b570873dc07b4b411351c70c1d948a9308730ba576212fa2627c04884c7b
giftcards_images__Frame_1000005785-2.png,giftcardsimages.zip,,Frame 1000005785-2.png,4397,ed50c4ac7b268362a5e0e8cc14e6b93b3ab365efc9ca6419cb250113bf6c1997
giftcards_images__Frame_1000005785-3.png,giftcardsimages.zip,,Frame 1000005785-3.png,3450,4e9b50bf1b3865e8c4d81bb16d1cc047a50c2111cb7d53f9438d8ea4159f5b26
giftcards_images__Frame_1000005843.png,giftcardsimages.zip,,Frame 1000005843.png,13609,63f6369a0aff43a9561473f725c4b7b5d28f6583e0b5fa061bad18d2c4083dfb
giftcards_images__Frame_1000005512-2.png,giftcardsimages.zip,,Frame 1000005512-2.png,1324,360394cf6bcba40517a190955555255c7795c9992b38de5e47950a7fbeedfaa1
giftcards_images__Frame_66-2.png,giftcardsimages.zip,,Frame 66-2.png,1326,f1cbeef45d0256a88f0ab745858919529f7fa8294b83955f820c3502fe3eddce
settings_profile_images__Davopay_and_Davochain_1__Profile_Asset_6_4x.png,settingsandprofilezipimages.zip,Davopay and Davochain (1).zip,Profile/Asset 6@4x.png,1433,59f78f9eff0e342aed90828ba84cb6421c4e4fb651dc547e22e5bf6e4546ec7c
settings_profile_images__Davopay_and_Davochain_10__Profile_Asset_6_4x.png,settingsandprofilezipimages.zip,Davopay and Davochain (10).zip,Profile/Asset 6@4x.png,651,84ae717a62c95341240c2f35419e08b93da41fe7d84b6e96c713f94f08dbb295
settings_profile_images__Davopay_and_Davochain_11__Profile_Frame_1000003702.png,settingsandprofilezipimages.zip,Davopay and Davochain (11).zip,Profile/Frame 1000003702.png,56652,86139e0b7d1860cc62621ef7b3feec5d9fa622b7f7143cd6967c2bfb2711ef8c
settings_profile_images__Davopay_and_Davochain_12__Profile_Frame_1116608153.png,settingsandprofilezipimages.zip,Davopay and Davochain (12).zip,Profile/Frame 1116608153.png,10630,ac30a580a96be93aad6ce5d0148720ebfee13af332434a7261f7442e8a7a8045
settings_profile_images__Davopay_and_Davochain_13__Profile_Asset_10_4x_1.png,settingsandprofilezipimages.zip,Davopay and Davochain (13).zip,Profile/Asset 10@4x 1.png,2647,f6236f98d542dd933ce4f6c7fae4b3669332e118208b3a938725a3e1602acecc
settings_profile_images__Davopay_and_Davochain_14__Profile_Frame_1321315922.png,settingsandprofilezipimages.zip,Davopay and Davochain (14).zip,Profile/Frame 1321315922.png,2643,b93c4faff9328cba4c4a08b31ca4dbdfbd16dc93c7bcdcfb51a98ddd5ff1fd67
settings_profile_images__Davopay_and_Davochain_15__Profile_Frame_1116608153.png,settingsandprofilezipimages.zip,Davopay and Davochain (15).zip,Profile/Frame 1116608153.png,18960,aa9acea600fc4156277e32f6932c97674e5733b873862c5b0ebaf0543472585b
settings_profile_images__Davopay_and_Davochain_16__Profile_Frame_1116608153.png,settingsandprofilezipimages.zip,Davopay and Davochain (16).zip,Profile/Frame 1116608153.png,10964,9ff20dd2cad8ff8353fd5bc338ca8a75ef252a0c23e55949f753356208d2af2d
settings_profile_images__Davopay_and_Davochain_17__Profile_AB6AXuDpBcoGgJWYaARdqSHrikjjeZkg5lNFaLBsFZWdOG1O8Oh8XTqI6Spko__03801464cba3.png,settingsandprofilezipimages.zip,Davopay and Davochain (17).zip,Profile/AB6AXuDpBcoGgJWYaARdqSHrikjjeZkg5lNFaLBsFZWdOG1O8Oh8XTqI6SpkokHgFr_3PkjavIISDETh-CmPiUrojyUl5DGbAFVZ_6QaCmmGwW0-IfHAqGmBKTGX-44s4NhD_d_OL_lOjAAd2DqrE8yZrru8JqROL-9eFIafCNk52p7BNY_KXI7im6xA56aMpI2QLm90VHIPdzjfDznnYpGGEgQjoKNOgQAiBknYGBXEMrZexvGN6B2_.png,4519,70dd9dee45a6d06266856ee17369ca3d554f3486e6742cb67ebc36ffe73bac76
settings_profile_images__Davopay_and_Davochain_18__Profile_Image.png,settingsandprofilezipimages.zip,Davopay and Davochain (18).zip,Profile/Image.png,35692,112ea025520a7cfeda4d3a15407a98a4bf39586b08c31e9de06e2efcd1d8936e
settings_profile_images__Davopay_and_Davochain_2__Profile_Frame_1321316018.png,settingsandprofilezipimages.zip,Davopay and Davochain (2).zip,Profile/Frame 1321316018.png,189400,340c18b0ad2d1f361773a10ae38b9bacaff947cd3ac3be17594c1aee8d247664
settings_profile_images__Davopay_and_Davochain_3__Profile_Image.png,settingsandprofilezipimages.zip,Davopay and Davochain (3).zip,Profile/Image.png,128610,a05f20e85cb4a09e9820adf90633d993d0c2976917c1d05ac671da69f410e503
settings_profile_images__Davopay_and_Davochain_4__Profile_image_59.png,settingsandprofilezipimages.zip,Davopay and Davochain (4).zip,Profile/image 59.png,146275,55347a576b402562389fffdd82b7c6199b133ed7d7e212be5594bbff86fedca6
settings_profile_images__Davopay_and_Davochain_5__Profile_Frame_1321315922.png,settingsandprofilezipimages.zip,Davopay and Davochain (5).zip,Profile/Frame 1321315922.png,2423,bedfd48ae88f9497c88e152bcfcfb7c9c7f989585cb1ee6be202b3018e87d317
settings_profile_images__Davopay_and_Davochain_6__Profile_Frame_1321315922.png,settingsandprofilezipimages.zip,Davopay and Davochain (6).zip,Profile/Frame 1321315922.png,2548,ca218b824d1d775ef225f523c80108deba3aa7a808c7e325302a2e07ab441cba
settings_profile_images__Davopay_and_Davochain_7__Profile_Frame_1000003690.png,settingsandprofilezipimages.zip,Davopay and Davochain (7).zip,Profile/Frame 1000003690.png,31585,abb65bf0588d3af494d5a678663804fa2be083938f5326ffb610d9d90e2bad1a
settings_profile_images__Davopay_and_Davochain_8__Profile_ng_1.png,settingsandprofilezipimages.zip,Davopay and Davochain (8).zip,Profile/ng 1.png,218,474f1cecfd0b3892fc0b4bb4bfadb8b2681be41e12180b2aede68ad15c002ddb
settings_profile_images__Davopay_and_Davochain_9__Profile_AB6AXuCJPhvt5nvLL7SPTDdNVIY2YxIolJ5NmhEtY6HUveeziFjBuxlISs3jjB__d8c1dff0f2a8.png,settingsandprofilezipimages.zip,Davopay and Davochain (9).zip,Profile/AB6AXuCJPhvt5nvLL7SPTDdNVIY2YxIolJ5NmhEtY6HUveeziFjBuxlISs3jjBkKbZqG755CP1CHIErLdj6F7vXfBIVK1WDsrt7D1j5x072pn7PSJF_bxU7oVDwqyqdBgeKs43fxgNhZa85K5mpgaSJhAjxa97W7qRSu9r5lyS4Myf05xxYdIcUayi4i-3jpV6JjzTdu1ttXPgEk2WjBV2-t0l6pkhYnI4OHFc3TDHQN0yal5F_LzxLJ.png,6870,f7dd12158bd928848139e47e3790770f558c599653d885e26f253dfb3ac9f30e
settings_profile_icons__Profile_Icon.svg,settingsandprofileicons.zip,,Profile/Icon.svg,164,b5f6fe10a1a0268fe5775aae35d7cf2a49617543ea77ee5c11479d1ba2e7a295
settings_profile_icons__Profile_tabler_arrow-up.svg,settingsandprofileicons.zip,,Profile/tabler_arrow-up.svg,250,89421d6ccbc68c1b1157c1fc8d0a516bfe6a52cf01b83a50653d2be03840b67f
settings_profile_icons__Profile_icon-park-outline_link.svg,settingsandprofileicons.zip,,Profile/icon-park-outline_link.svg,1209,df133d6bc256b085845842aa28abe1c3fdad5dcf8020a42886bc16da3b250c95
settings_profile_icons__Profile_emojione_waving-hand.svg,settingsandprofileicons.zip,,Profile/emojione_waving-hand.svg,5774,2fedc6ade8eabec9a567663a1b286db6ccaf23e13df28276f8ccecc7cdb73d84
settings_profile_icons__Profile_Ellipse_1988.svg,settingsandprofileicons.zip,,Profile/Ellipse 1988.svg,150,4a58be04359594ca747dff8b79a505a9372759bc82c2ceaf8df79679381567a0
settings_profile_icons__Profile_mingcute_edit-line.svg,settingsandprofileicons.zip,,Profile/mingcute_edit-line.svg,1399,f131a894a968838b8a86d4d286fdafb9c2ef2b14e9cdf172aad87f16f97a2a38
settings_profile_icons__Profile_iconamoon_link-external-light.svg,settingsandprofileicons.zip,,Profile/iconamoon_link-external-light.svg,480,79f5920ee79b20185693fd79750253c97b563cd59c39c9b5219812516405eef8
settings_profile_icons__Profile_fluent_send-48-filled.svg,settingsandprofileicons.zip,,Profile/fluent_send-48-filled.svg,615,02ecac05fdd9a48c031c5a9caeb59364145559431e68973bebf594fd46215d45
settings_profile_icons__Profile_material-symbols-light_chat.svg,settingsandprofileicons.zip,,Profile/material-symbols-light_chat.svg,544,cbcac5bf0c302c42cd00531621fe63ff88996fe1857498e4f5d94aabaeb1e8c4
settings_profile_icons__Profile_fa-solid_file-invoice.svg,settingsandprofileicons.zip,,Profile/fa-solid_file-invoice.svg,1520,465c72dda0c6f797be2d50ddec715575da6843d365fa80ef4bbaa46f6b85ff01
settings_profile_icons__Profile_akar-icons_circle.svg,settingsandprofileicons.zip,,Profile/akar-icons_circle.svg,263,bb4946ecca5645051c36800f38e0973abcfd9bd44d8c9a5721e2d1adb3e8f53a
settings_profile_icons__Profile_emojione_last-quarter-moon.svg,settingsandprofileicons.zip,,Profile/emojione_last-quarter-moon.svg,3482,7d49d1b753a1c94ecc8c5bf2965770d956dcede63cfd0af1285a765f3234dcf8
settings_profile_icons__Profile_akar-icons_circle-1.svg,settingsandprofileicons.zip,,Profile/akar-icons_circle-1.svg,263,3879a578d4e5e754d7cdaab4803de89d922191781918279f53eedffe7329c2d8
settings_profile_icons__Profile_ant-design_sun-filled.svg,settingsandprofileicons.zip,,Profile/ant-design_sun-filled.svg,2137,aa1a44d3d137408369a62b6769fe7420a9f7bc8ed705b2a8ea000c5503c893d6
settings_profile_icons__Profile_carbon_circle-filled.svg,settingsandprofileicons.zip,,Profile/carbon_circle-filled.svg,1162,1f552ddc944f4701619f11af1624918f7102c2cb99e982ca891f7bd81b9109f1
settings_profile_icons__Profile_material-symbols_help-rounded.svg,settingsandprofileicons.zip,,Profile/material-symbols_help-rounded.svg,2460,cbcd8c8f6f026e4f78835229ff8929ad8c68a0db3ca577a8e127873942b2af31
settings_profile_icons__Profile_hugeicons_cancel-01.svg,settingsandprofileicons.zip,,Profile/hugeicons_cancel-01.svg,219,8998119d972f1f0876be5f47856dc236b03ea7085258853e1eee059a6a4d4287
settings_profile_icons__Profile_griddy-icons_upload.svg,settingsandprofileicons.zip,,Profile/griddy-icons_upload.svg,707,ca1973ae9645cdd1f9f07248c181db6d0314399f33001125e6af8d65f4fb6b91
settings_profile_icons__Profile_ant-design_camera-outlined.svg,settingsandprofileicons.zip,,Profile/ant-design_camera-outlined.svg,999,83b0cdf947cb9a308c37cc883559143b4730b8b1d661858fb3bd41b60b05c577
settings_profile_icons__Profile_pixel_cloud-upload.svg,settingsandprofileicons.zip,,Profile/pixel_cloud-upload.svg,1013,b27dc9dbc4150df9525f049cdd17616fa3c3e3c50951bc2d44cc0fd436ac1114
settings_profile_icons__Profile_mdi_shield-check.svg,settingsandprofileicons.zip,,Profile/mdi_shield-check.svg,250,318708acba87ae3cf2ca96b8ba4b0665046922e20f5232fcc929033967b722ab
settings_profile_icons__Profile_fluent-mdl2_text-document.svg,settingsandprofileicons.zip,,Profile/fluent-mdl2_text-document.svg,397,709147297777c50f1a8fa02023ce519017ac9a920ab4b9d030d36e5dd41e4408
settings_profile_icons__Profile_material-symbols-light_chat-1.svg,settingsandprofileicons.zip,,Profile/material-symbols-light_chat-1.svg,550,d38bdd667acbcd964bdece470479fe0d5e9d2daabb5ae0f437bcfe99695a3cb1
settings_profile_icons__Profile_emojione_waving-hand-1.svg,settingsandprofileicons.zip,,Profile/emojione_waving-hand-1.svg,5779,ed49b8a9b1da0275c40ab992c71de9c832ebb09f9189f509443ba9900278869d
settings_profile_icons__Profile_at-icons_plus.svg,settingsandprofileicons.zip,,Profile/at-icons_plus.svg,738,63d010237ea5a327dccc38ded3127b5c26eb16afa715d88c81f22f5de5b2e2fe
settings_profile_icons__Profile_emojione_2nd-place-medal.svg,settingsandprofileicons.zip,,Profile/emojione_2nd-place-medal.svg,3038,f84c471d32a7ddb6cfca7c8d6b9d772cf8c41c806ae21c93d260f1f4550c31cb
settings_profile_icons__Profile_carbon_circle-outline.svg,settingsandprofileicons.zip,,Profile/carbon_circle-outline.svg,330,e44432aeedc5f6c0cae8a4d4c51875ff88d96e64749d2bbff72ec7042ff03d56
settings_profile_icons__Profile_Vector.svg,settingsandprofileicons.zip,,Profile/Vector.svg,504,1dc325935154862d6a6665cd9d02928ea195b3c0a2e7c569808e5eea811b5b91
settings_profile_icons__Profile_Vector_8.svg,settingsandprofileicons.zip,,Profile/Vector 8.svg,197,60cdf487c50067057f6d07d19a643ae5b0d3346f7f30223bd53e08c29b8e2e8c
settings_profile_icons__Profile_Vector_6.svg,settingsandprofileicons.zip,,Profile/Vector 6.svg,242,d196927553697c44d5f31d9b17d0e77237c17f898f42f207b802a932cbe1dbd6
settings_profile_icons__Profile_Vector_7.svg,settingsandprofileicons.zip,,Profile/Vector 7.svg,199,28760fd2d0a727019e1c123f58f79fc3f1bfcdcee4d960c3c9057f15b9b2105e
settings_profile_icons__Profile_Vector_318.svg,settingsandprofileicons.zip,,Profile/Vector 318.svg,210,297875cf08b0bd9e1ca07bee7342ef0ba7359aa7b4f8f1007094bb968d6ca1da
settings_profile_icons__Profile_Vector_5.svg,settingsandprofileicons.zip,,Profile/Vector 5.svg,186,a32b0ef39e2a5f5d51859a2917f8f412a8339ae7fc782feaa1ca92740b10a564
settings_profile_icons__Profile_Vector_8-1.svg,settingsandprofileicons.zip,,Profile/Vector 8-1.svg,187,a9933b38d32ad02bf2952d8a91d7c22f63c673bf6777410f9fb7c56a5cea1b15
settings_profile_icons__Profile_circle.svg,settingsandprofileicons.zip,,Profile/circle.svg,312,f0c958f82d687ea4b356f9c44b720bd4014959fbff349f176b2bdb6ae6560f12
settings_profile_icons__Profile_icon-park-outline_id-card-v.svg,settingsandprofileicons.zip,,Profile/icon-park-outline_id-card-v.svg,964,10425dab2428b3ca9c0d27cf92d43696687e4e450a1f30071764c43e73f87099
settings_profile_icons__Profile_tabler_rosette-number-2.svg,settingsandprofileicons.zip,,Profile/tabler_rosette-number-2.svg,2411,3645aa3065b0786f534626ad17eb2a238667b6607efefebd73a0ed37414562f1
settings_profile_icons__Profile_emojione_white-heavy-check-mark.svg,settingsandprofileicons.zip,,Profile/emojione_white-heavy-check-mark.svg,546,6a76d1f32de20181d927828e0b83b8c81bab6d8e2f53597e08e54a0c939ed4f5
settings_profile_icons__Profile_emojione_1st-place-medal.svg,settingsandprofileicons.zip,,Profile/emojione_1st-place-medal.svg,2412,2f7d847b943e058b4bf8cfae7f77e8a446d0bd46cc081eed85db242c94f64be9
settings_profile_icons__Profile_ant-design_exclamation-circle-outlined.svg,settingsandprofileicons.zip,,Profile/ant-design_exclamation-circle-outlined.svg,936,cb378f84a893feb57a7d7da8ea7a85645814323fe76edadd989101fe5e664f6b
settings_profile_icons__Profile_formkit_date.svg,settingsandprofileicons.zip,,Profile/formkit_date.svg,849,6b66b469d9c3d1340c6f7b2bf032263cdb0c6700a51b5e36c7a04897a04799b6
settings_profile_icons__Profile_check-circle.svg,settingsandprofileicons.zip,,Profile/check-circle.svg,549,36d95b909123772009f93b0c673113782d093aff3b8b23ddad8b96f1c8db0327
settings_profile_icons__Profile_bx_user-pin.svg,settingsandprofileicons.zip,,Profile/bx_user-pin.svg,493,3ffbacf27cea2499a192eda1ea5a2316fd3edda673721b5c511a2b884cb7714c
settings_profile_icons__Profile_boxicons_phone-book.svg,settingsandprofileicons.zip,,Profile/boxicons_phone-book.svg,551,f0a42d9ea863912d48dea37c64690d163cd2aa8b977d3c10c56f4c21d60feb78
settings_profile_icons__Profile_mage_gif.svg,settingsandprofileicons.zip,,Profile/mage_gif.svg,3149,09c5b3344f744916465baa4e5cb411b47f32811f07b190c7aa1be768b07e8e2c
settings_profile_icons__Profile_prime_id-card.svg,settingsandprofileicons.zip,,Profile/prime_id-card.svg,2957,b760268eee2ae11c1dbdd269899239375a1773e65769be086c4157b7988fb512
settings_profile_icons__Profile_tabler_rosette-number-1.svg,settingsandprofileicons.zip,,Profile/tabler_rosette-number-1.svg,2013,1e415e1d0163fa8c71b2c9c9ef4e0a47b5e852acdda86e9034e3cbeb07f4d4da
settings_profile_icons__Profile_f7_lock-circle-fill.svg,settingsandprofileicons.zip,,Profile/f7_lock-circle-fill.svg,829,44b0a4a19d2e274d97c8bb5549ad5322d4651b6f79e08699b4cd089c0e2b1f7d
settings_profile_icons__Profile_tabler_rosette-number-3.svg,settingsandprofileicons.zip,,Profile/tabler_rosette-number-3.svg,2677,1c4c77a49ae4434b5f0d8eb63beecdd1fee15163a8fb8dfa6483d4db55017b81
settings_profile_icons__Profile_tabler_rosette-number-2-1.svg,settingsandprofileicons.zip,,Profile/tabler_rosette-number-2-1.svg,2295,780ee94555de50ddc8d8bc8a297932984de7def76e9363b9d4768885bb86d776
settings_profile_icons__Profile_tabler_rosette-number-1-1.svg,settingsandprofileicons.zip,,Profile/tabler_rosette-number-1-1.svg,2048,66a9a750ceda2ff9b14204ca2b35db086234909a26bb591c846578cfc7e33c95
settings_profile_icons__Profile_Eye.svg,settingsandprofileicons.zip,,Profile/Eye.svg,1384,634d8c1272b4a9032911042020b19d00a7e99ce5b24cfc6c95b71c09910ee22c
settings_profile_icons__Profile_fluent-mdl2_text-document-1.svg,settingsandprofileicons.zip,,Profile/fluent-mdl2_text-document-1.svg,299,7f3b34d7eebf2686d267160134302c07e1f3375e88dbdb16964c7c3ff76c5ba3
settings_profile_icons__Profile_fluent_data-histogram-28-filled.svg,settingsandprofileicons.zip,,Profile/fluent_data-histogram-28-filled.svg,769,f7e93714b22c48780525c053f3b24858c38d7facdf6acd894a9e158c1afe0bd9
settings_profile_icons__Profile_basil_user-block-solid.svg,settingsandprofileicons.zip,,Profile/basil_user-block-solid.svg,2313,cf474ff94fd305067e3d7021361c6e9f5054e9d27154db099afa2b32e2732017
settings_profile_icons__Profile_fa7-solid_universal-access.svg,settingsandprofileicons.zip,,Profile/fa7-solid_universal-access.svg,1260,b2ca39cd1a7b91cdd46e9edbf3946e179244c56bcf1249673c36fdee80070060
settings_profile_icons__Profile_ant-design_moon-filled.svg,settingsandprofileicons.zip,,Profile/ant-design_moon-filled.svg,592,a0544ae5c9b623d796f37406e5f4f7666f76b3399adf2214ae8278088e9c0912
settings_profile_icons__Profile_fluent_mail-24-filled.svg,settingsandprofileicons.zip,,Profile/fluent_mail-24-filled.svg,694,6908dd7b0c07f65c47f40c5c5a6f93519f8fc1111819f08d63ff2cb9cc71e117
settings_profile_icons__Profile_fa7-solid_volume-control-phone.svg,settingsandprofileicons.zip,,Profile/fa7-solid_volume-control-phone.svg,1267,25d5d5358ed656ca1b41eb6e20523867bd618ddbabceeb727ee2da47d7518c25
settings_profile_icons__Profile_clarity_success-standard-solid.svg,settingsandprofileicons.zip,,Profile/clarity_success-standard-solid.svg,1323,108d52f190620368f8823a378be1a28001c3f6f23f2c51ba01d97974b8d49cef
settings_profile_icons__Profile_material-symbols_cast-for-education-outline-rounded.svg,settingsandprofileicons.zip,,Profile/material-symbols_cast-for-education-outline-rounded.svg,2698,dd07e4d96fe5462a7cd6c862cd107b0dd7f78bde67fc69a353a430111b548bc1
settings_profile_icons__Profile_hugeicons_installing-updates-01.svg,settingsandprofileicons.zip,,Profile/hugeicons_installing-updates-01.svg,2792,bcdab97982fb7c72078898bfbce7821f3e7fd89ab2be44e7ae0a9d150225a6ff
settings_profile_icons__Profile_bank.svg,settingsandprofileicons.zip,,Profile/bank.svg,857,5c8f291238fda661605707f3c5391b7dbb2fc4f1f35655a99dfa56116feddd6d
settings_profile_icons__Profile_mage_notification-bell-muted.svg,settingsandprofileicons.zip,,Profile/mage_notification-bell-muted.svg,1727,878275f234e56f526d12ab3f554b87a7e019877450df6763d2e446945f8c2e14
settings_profile_icons__Profile_griddy-icons_upload-1.svg,settingsandprofileicons.zip,,Profile/griddy-icons_upload-1.svg,665,b6a0906a57bd3449adb76d4a65d6b34d68161125a9394f065ff07491f8c7217f
settings_profile_icons__Profile_reicon_bitcoin-card.svg,settingsandprofileicons.zip,,Profile/reicon_bitcoin-card.svg,804,9ca819dc966204d84a6530746a22edf8b60fd2b2ed0a580e9bd2607df771e4fe
settings_profile_icons__Profile_icon-park-outline_id-card-v-1.svg,settingsandprofileicons.zip,,Profile/icon-park-outline_id-card-v-1.svg,1197,229e5e11165c4ca2814b81d85d7432814eb9d9973f19a3f9588afee710354dac
settings_profile_icons__Profile_hugeicons_bitcoin-up-01.svg,settingsandprofileicons.zip,,Profile/hugeicons_bitcoin-up-01.svg,951,278a97eaec75f5f4ab15a2c3e31539940deb8bbfdf5c6e7520c167e41fe09028
settings_profile_icons__Profile_hugeicons_bitcoin-down-01.svg,settingsandprofileicons.zip,,Profile/hugeicons_bitcoin-down-01.svg,943,3963e9492b0d235d919878d079b63f5696c652029a43b31c3538d804a89e3d97
settings_profile_icons__Profile_hugeicons_exchange-bitcoin.svg,settingsandprofileicons.zip,,Profile/hugeicons_exchange-bitcoin.svg,1202,bff409a6d8265ed816b0c766a94e3f1f51b71d2947cb4b8f6ce5a9616fd9dae4
settings_profile_icons__Profile_ci_square-warning.svg,settingsandprofileicons.zip,,Profile/ci_square-warning.svg,657,bd702c3b2703131c564674d9255d014a414aa5a4b4fb77da6c1f5356c455b4d3
settings_profile_icons__Profile_bx_money-withdraw.svg,settingsandprofileicons.zip,,Profile/bx_money-withdraw.svg,728,6fd4c5a9d3f6e6f7300e6f70fd9a08eab96a4307df8dd81f641625b1d91704db
settings_profile_icons__Profile_dashicons_email-alt.svg,settingsandprofileicons.zip,,Profile/dashicons_email-alt.svg,818,0b563a8fbfa94b6682d58239932311119f84552aee5bc2ac36a6124b6db2aacf
settings_profile_icons__Profile_Vector_5-1.svg,settingsandprofileicons.zip,,Profile/Vector 5-1.svg,177,e442cc82fb24bce19f272a58af7adcce0cd1bce4fe342a916cd07a732b88f8d2
settings_profile_icons__Profile_fluent_phone-28-filled.svg,settingsandprofileicons.zip,,Profile/fluent_phone-28-filled.svg,906,e4a184586c79637964762f1e1610158897cad3d00fb9fa31be576af929531c63
settings_profile_icons__Profile_Background.svg,settingsandprofileicons.zip,,Profile/Background.svg,210,60413cd9662af905cc2b49b797d44f852963df02d3efaa49683ce07e543b7467
settings_profile_icons__Profile_lets-icons_mic-fill.svg,settingsandprofileicons.zip,,Profile/lets-icons_mic-fill.svg,982,8c6941410c0ab180ca122780e5b7ee894c5f07d8fb48a13281ac4b54b7706c7a
settings_profile_icons__Profile_akar-icons_circle-check-fill.svg,settingsandprofileicons.zip,,Profile/akar-icons_circle-check-fill.svg,1084,b06f5a1c77cebb46e1ddf21c7513c577db7163d612bc47e03f5f820d2e3680b7
settings_profile_icons__Profile_material-symbols_campaign-outline-rounded.svg,settingsandprofileicons.zip,,Profile/material-symbols_campaign-outline-rounded.svg,2111,68b351c24b3a29f5871b6f535c05ec705b91c1bcff993ed3412ca344dbcd894c
settings_profile_icons__Profile_material-symbols_leaderboard.svg,settingsandprofileicons.zip,,Profile/material-symbols_leaderboard.svg,196,089c223c9209e3bc78a85447fd780eea8b459f29930b0a1085a179eb38a120d9
settings_profile_icons__Profile_glyphs-poly_trophy.svg,settingsandprofileicons.zip,,Profile/glyphs-poly_trophy.svg,4582,52fab48570366df658ecd36e777d7741a989b5f04ae73bddaab0213d174b3649
settings_profile_icons__Profile_ant-design_user-outlined.svg,settingsandprofileicons.zip,,Profile/ant-design_user-outlined.svg,1799,06908037a7a5df7b4ae1fa403632af6acdc5bfb0380adbfd291d930c57174a4b
settings_profile_icons__Profile_material-symbols_qr-code.svg,settingsandprofileicons.zip,,Profile/material-symbols_qr-code.svg,379,64673f76c5dc0757cff32799896b77fcde44fef0dc2213435ee57e59ffa691fc
settings_profile_icons__Profile_fluent-mdl2_text-document-edit.svg,settingsandprofileicons.zip,,Profile/fluent-mdl2_text-document-edit.svg,1240,f5e97d9da45d67d14a38bd2930690fd2d0328314528eb9679b4828325a70a11b
settings_profile_icons__Profile_material-symbols_share.svg,settingsandprofileicons.zip,,Profile/material-symbols_share.svg,1319,f636f64a5d03bfcd1d830247ea9ded9132c56e4d3f2339021856132db9478249
settings_profile_icons__Profile_vuesax_outline_notification-bing.svg,settingsandprofileicons.zip,,Profile/vuesax/outline/notification-bing.svg,1740,0f1841dff241858f70838f3eaee4c5d4b63bf0c55669fa4b5d7fd19109296551
settings_profile_icons__Profile_vuesax_linear_arrow-down.svg,settingsandprofileicons.zip,,Profile/vuesax/linear/arrow-down.svg,318,1eb0f4a962183cbeaebdc2662a7ad16d1552ec4ccedfe429a4e3965eaa70bc15
settings_profile_icons__Profile_Upload.svg,settingsandprofileicons.zip,,Profile/Upload.svg,451,7459e4be88b2857ec7d3762538e48c72b0e1594851556b1375a9644f680ad609
settings_profile_icons__Profile_Icon-1.svg,settingsandprofileicons.zip,,Profile/Icon-1.svg,1089,3bf6175c13cc0fd72adf6625698d4344a19cb2b5133817f6602717cf34124cb6
settings_profile_icons__Profile_Icon-2.svg,settingsandprofileicons.zip,,Profile/Icon-2.svg,1309,f0b290e65cc92f1c15c2bf9fb862d9f015eba0024ccf7205d7f93867dde7b2c9
settings_profile_icons__Profile_ri_arrow-up-line.svg,settingsandprofileicons.zip,,Profile/ri_arrow-up-line.svg,290,c4cf95d2e6ab0e1edb012885b73926941e975ccb684f5810d16468386cfdf2b2
settings_profile_icons__Profile_fa7-solid_user-check.svg,settingsandprofileicons.zip,,Profile/fa7-solid_user-check.svg,1087,f7162687832421bb43d95cbd16534025159510dbe51b1801194a1c4524463a5c
settings_profile_icons__Profile_fa7-solid_user-group.svg,settingsandprofileicons.zip,,Profile/fa7-solid_user-group.svg,1054,e28c8d38965225a465bce679013aaedc5118e48d9ee5b569d3230ba085860a71
settings_profile_icons__Profile_Icon-3.svg,settingsandprofileicons.zip,,Profile/Icon-3.svg,541,be6703f031cf139f5ab47645e6145bfa2ce02dfda9da6c7ce6e9013a06da6b00
settings_profile_icons__Profile_glyphs-poly_trophy-1.svg,settingsandprofileicons.zip,,Profile/glyphs-poly_trophy-1.svg,4308,bf9b660f245ee4198f90aeb9b969587457e50dca5b0a72ae407bbd8665238148
settings_profile_icons__Profile_Icon-4.svg,settingsandprofileicons.zip,,Profile/Icon-4.svg,424,5fd50ba385b8f8b286676455eefac09daddf00cd2b26b9d7915c1a19519fa4d9
settings_profile_icons__Profile_search.svg,settingsandprofileicons.zip,,Profile/search.svg,540,e2643db5568dfc4ababd60182e436a3e01df543e4816b98e92a7a1c4d1f14759
settings_profile_icons__Profile_prime_twitter.svg,settingsandprofileicons.zip,,Profile/prime_twitter.svg,685,d717a076efe964d88dba9f6a78cb0c451517e2e9ad99a935d78732ab34e5e4a6
settings_profile_icons__Profile_mdi_linkedin.svg,settingsandprofileicons.zip,,Profile/mdi_linkedin.svg,1006,4b7fad1a3c293d960f6809cf57698fb3386a3b09cba0b2d8fac150ee351a4562
settings_profile_icons__Profile_tabler_rosette-number-3-1.svg,settingsandprofileicons.zip,,Profile/tabler_rosette-number-3-1.svg,2457,2645473044719d48071e42340c76a298f206b789743b0020db2fb4a232d40b44
settings_profile_icons__Profile_mdi_instagram.svg,settingsandprofileicons.zip,,Profile/mdi_instagram.svg,1508,27a9f0c2367c58e0fd951e9325377dc1eaf9bf52ce95426f748980cdb50b1e1e
settings_profile_icons__Profile_glyphs_comment-question-bold.svg,settingsandprofileicons.zip,,Profile/glyphs_comment-question-bold.svg,1750,500d402be61d60eed957828f97dc928220beea0b0140e182e8d72d3aa603e264
settings_profile_icons__Profile_material-symbols_mail-outline-rounded.svg,settingsandprofileicons.zip,,Profile/material-symbols_mail-outline-rounded.svg,685,00c21d3b6159f14cf4e8686840239bda120eb32eccd73e8ae32c293f9fe8ad24
settings_profile_icons__Profile_codicon_gift.svg,settingsandprofileicons.zip,,Profile/codicon_gift.svg,2054,cd05d7357fe8582c44dbac4801fd0f113232ea4bb93d9940c3f50d36d4a50b93
settings_profile_icons__Profile_nav-arrow-left.svg,settingsandprofileicons.zip,,Profile/nav-arrow-left.svg,227,cfdc80da7c6ba195f4f58cbdfd7dbb05ee813aae43c25c8f6e69c0b1a372fde4
settings_profile_icons__Profile_knob.svg,settingsandprofileicons.zip,,Profile/knob.svg,151,31fbd8bee3cca444ab7cb287136164c1852ce3f78371a3b860028b9a9a7afa51
settings_profile_icons__Profile_Vector_6-1.svg,settingsandprofileicons.zip,,Profile/Vector 6-1.svg,229,999b38be7d8a56703939a36d808d08e7e6e2c71545920c4ffa8eca9dd87e476b
settings_profile_icons__Profile_streamline_announcement-megaphone.svg,settingsandprofileicons.zip,,Profile/streamline_announcement-megaphone.svg,1011,59537c3c5d0249d4ad9ed7d18a8ca1fad8df09247d9c988e12397688fde6e9b1
settings_profile_icons__Profile_material-symbols_chat-outline.svg,settingsandprofileicons.zip,,Profile/material-symbols_chat-outline.svg,438,dace71f245830ff774505f6e2199f9b36e2e23c4041a78ad1d3143a15b246240
settings_profile_icons__Profile_hugeicons_security-lock.svg,settingsandprofileicons.zip,,Profile/hugeicons_security-lock.svg,1386,d319dc9511beccc961c12a526fb551d89211c82145298b52ed39b68efa8de79b
settings_profile_icons__Profile_Margin.svg,settingsandprofileicons.zip,,Profile/Margin.svg,158,52d05b628518c51192f309638cef3906855cb11a151b3ce0d97e5bad1b52faca
settings_profile_icons__Profile_prime_id-card-1.svg,settingsandprofileicons.zip,,Profile/prime_id-card-1.svg,2957,4481b954e5e2f998c061e9496b6b2e76560af8aad934f476bd9f209a26c888b9
settings_profile_icons__Profile_Icon-5.svg,settingsandprofileicons.zip,,Profile/Icon-5.svg,925,0614a0ce543131e0df59f285040cd3a1c7d83c01d70787e3d4e20adc4c7d2788
settings_profile_icons__Profile_simple-line-icons_exclamation.svg,settingsandprofileicons.zip,,Profile/simple-line-icons_exclamation.svg,730,92670d3a21aafec05e33946852426b0540a8a44def41b3111d94ba709276aa59
settings_profile_icons__Profile_vuesax_outline_tick-square.svg,settingsandprofileicons.zip,,Profile/vuesax/outline/tick-square.svg,1254,f3d05737b00784e8d8c1bafa165856f141a090bdf6d13da0f0b9491988a0027f
settings_profile_icons__Profile_prime_id-card-2.svg,settingsandprofileicons.zip,,Profile/prime_id-card-2.svg,3340,0ce9101a2da8dbcda893a27276d480fb6c89e4a909dd0574b289b0b377a1fb36
settings_profile_icons__Profile_vuesax_outline_edit.svg,settingsandprofileicons.zip,,Profile/vuesax/outline/edit.svg,2663,3c17d1ee482b531c119ae64b7bb9fc67171169e97ee66d29430b767adcf79640
settings_profile_icons__Profile_Edit.svg,settingsandprofileicons.zip,,Profile/Edit.svg,621,0eb39d3b0fa4c028c2a35fd967fb2925276d605616b1537c11760ea74e6b88ac
settings_profile_icons__Profile_Privacy_Indicator_None.svg,settingsandprofileicons.zip,,Profile/Privacy Indicator/None.svg,0,e3b0c44298fc1c149afbf4c8996fb92427ae41e4649b934ca495991b7852b855
settings_profile_icons__Profile_Battery_Full_Uncharged.svg,settingsandprofileicons.zip,,Profile/Battery/Full Uncharged.svg,1976,153d388ce90f41e6cb5f429eef9e809a6baff3522af0be180283418e433d4b3d
settings_profile_icons__Profile_SIM_1_-_Single_SIM.svg,settingsandprofileicons.zip,,Profile/SIM/1 - Single SIM.svg,394,49b4f6db9bf2da9469c2b64ff1d7797dbba015fac35ee9cc15a794a346936ad0
settings_profile_icons__Profile_mdi_shield-lock.svg,settingsandprofileicons.zip,,Profile/mdi_shield-lock.svg,437,9dd9c69507e60bae716af5aa5df5b20a24b36721011f20d99253e80375eb8ee5
settings_profile_icons__Profile_vuesax_linear_arrow-left.svg,settingsandprofileicons.zip,,Profile/vuesax/linear/arrow-left.svg,318,a7bd0803dfdac250d43072c95623b7e675e245e17238f4e1f3b6f6d3786d3f35
settings_profile_icons__Profile_vuesax_linear_trash.svg,settingsandprofileicons.zip,,Profile/vuesax/linear/trash.svg,1026,0805fdfa06d99d98a9d0d593b3f1a4f65b26916f08aa4b7a07956200b6843d2f
settings_profile_icons__Profile_ant-design_exclamation-circle-outlined-1.svg,settingsandprofileicons.zip,,Profile/ant-design_exclamation-circle-outlined-1.svg,1098,89d0fb30e5acdfac06b192aba2d441abdbdbbb72730e2b9703923e3b359c7839
settings_profile_icons__Profile_vuesax_linear_logout.svg,settingsandprofileicons.zip,,Profile/vuesax/linear/logout.svg,642,831b9dd783f1ae22baa9adb227df405276f0e28520c7d560992b6344b3b6ac3f
settings_profile_icons__Profile_fluent_person-support-20-regular.svg,settingsandprofileicons.zip,,Profile/fluent_person-support-20-regular.svg,3211,8d2089713915c2980020d8300a593ab011b9c9482d0ea3353963fa4f471d5222
settings_profile_icons__Profile_lets-icons_question.svg,settingsandprofileicons.zip,,Profile/lets-icons_question.svg,856,8a46ea81dda09b53a0148db377f9e5178a1cf2382ef80b912e9b2ab84012b75d
settings_profile_icons__Profile_carbon_bpmn-conditional-outline.svg,settingsandprofileicons.zip,,Profile/carbon_bpmn-conditional-outline.svg,558,e839296fea4e5d5471d00203ff91da72e7e6b87f4d111414e75d75e531f25e70
settings_profile_icons__Profile_material-symbols_privacy-tip-outline-rounded.svg,settingsandprofileicons.zip,,Profile/material-symbols_privacy-tip-outline-rounded.svg,1903,7137e92ecba9161e82db880321e81492f3f7d21f0311307b3ac01191d1115992
settings_profile_icons__Profile_hugeicons_customer-support.svg,settingsandprofileicons.zip,,Profile/hugeicons_customer-support.svg,1671,7f0524e8226103c01b86e6e6772076da78179fee70635d962681767432c9fe03
settings_profile_icons__Profile_griddy-icons_notification-alert.svg,settingsandprofileicons.zip,,Profile/griddy-icons_notification-alert.svg,938,d747f0644ebf186d1d39cf570b9a93261751f149023977fa84b4c51e4a037d56
settings_profile_icons__Profile_hugeicons_bitcoin-up-02.svg,settingsandprofileicons.zip,,Profile/hugeicons_bitcoin-up-02.svg,1077,30468100cb95a83eb81151fa31707076a28bb6904812a131d7f71048a493e1de
settings_profile_icons__Profile_Icon-6.svg,settingsandprofileicons.zip,,Profile/Icon-6.svg,747,97db652b9374da39be7421ee8a6689a130ed33ee292f72960cb208c6404fc5cb
settings_profile_icons__Profile_fluent_dark-theme-20-filled.svg,settingsandprofileicons.zip,,Profile/fluent_dark-theme-20-filled.svg,737,72b80c0915cef88013f994f3fe8a118efd2bb15767865113de005d39e8b6c6bd
settings_profile_icons__Profile_material-symbols_notification-settings-outline-rounded.svg,settingsandprofileicons.zip,,Profile/material-symbols_notification-settings-outline-rounded.svg,3767,7171720cd7425abd08dc6c03edf90a0ee03c6d42af8d5e203fecf7d499c07fde
settings_profile_icons__Profile_hugeicons_bitcoin-down-02.svg,settingsandprofileicons.zip,,Profile/hugeicons_bitcoin-down-02.svg,1077,d0b9a77b09d2a008177016e96cbfa323fb6a70850b3b92e4c96d6231f80dadd1
settings_profile_icons__Profile_hugeicons_bitcoin-withdraw.svg,settingsandprofileicons.zip,,Profile/hugeicons_bitcoin-withdraw.svg,1217,9934a72ff0b684ba3e0e54a934aeafed50814990d7839132b74446dd83de0240
settings_profile_icons__Profile_ph_users-four-light.svg,settingsandprofileicons.zip,,Profile/ph_users-four-light.svg,5923,6b9e6f2f011569078b91bf8f61a43d539fe63ce3ae0eaa6d62d1de96eb46081a
settings_profile_icons__Profile_akar-icons_location.svg,settingsandprofileicons.zip,,Profile/akar-icons_location.svg,796,7d95bb642284de59b9000ce405c00a16bd3e1c6a7eb62b55374dfdc39ebda3da
settings_profile_icons__Profile_vuesax_linear_notification.svg,settingsandprofileicons.zip,,Profile/vuesax/linear/notification.svg,1159,623fbbc1761336b8398b3892751ccc49e411c9b607c2f3555dc2af390386e755
settings_profile_icons__Profile_lucide_wallet.svg,settingsandprofileicons.zip,,Profile/lucide_wallet.svg,1205,3b44ce058736f649d09c6a9d5eb5883f803fd399d17c25898cc053312e3e8c86
settings_profile_icons__Profile_vuesax_linear_lock.svg,settingsandprofileicons.zip,,Profile/vuesax/linear/lock.svg,918,13548804eb454b5e7af43c3882ddd40d6bcbc0a0e5f98c4ea85e8743e926dc66
settings_profile_icons__Profile_knob-1.svg,settingsandprofileicons.zip,,Profile/knob-1.svg,151,fc8a497dd96b497945f76b3caa61488dcbcddf615b906f9df33cf2fab03f9c36
settings_profile_icons__Profile_Vector_7-1.svg,settingsandprofileicons.zip,,Profile/Vector 7-1.svg,170,fd0bc0172bed1303194a519ea290babf76fa1f1eec7f2bdf3d568bda1b2b2905
settings_profile_icons__Profile_vuesax_linear_scan.svg,settingsandprofileicons.zip,,Profile/vuesax/linear/scan.svg,1236,1a9cbb22094fd347531b6e6d7790134eda22cf5a5eaa153cd6b65e4bcf86fd8d
settings_profile_icons__Profile_uil_transaction.svg,settingsandprofileicons.zip,,Profile/uil_transaction.svg,3402,09e2a605038be2795f421645adbef2d8e25ab5358f2176dca24cf63f6aa32be7
settings_profile_icons__Profile_hugeicons_user-id-verification.svg,settingsandprofileicons.zip,,Profile/hugeicons_user-id-verification.svg,1857,dbd424e6973bc773e9c847ded1221fccff603afad6663504641686ca017d9052
settings_profile_icons__Profile_xmark.svg,settingsandprofileicons.zip,,Profile/xmark.svg,307,8f4770efc76ebb7a1202086ed48ff30d4342c5fb9727145e3523c43ff3c8314e
settings_profile_icons__Profile_Network_WiFi_Full.svg,settingsandprofileicons.zip,,Profile/Network/WiFi Full.svg,1472,a95015083335721297841bbcb0c6ebde8cc9896b026f83dd3babbd325d5981ba
settings_profile_icons__Profile_vuesax_linear_arrow-right.svg,settingsandprofileicons.zip,,Profile/vuesax/linear/arrow-right.svg,316,ca340a4d30cfaa9b404487bd3e7ca64ffb886063bcafbf1f4aa2203b6038db3a
settings_profile_icons__Profile_hugeicons_account-setting-01.svg,settingsandprofileicons.zip,,Profile/hugeicons_account-setting-01.svg,1394,7df665bf61bd4458634ea0b688ec24c7d2b86860432cab27fd861a9713498e5f
settings_profile_icons__Profile_Icon-7.svg,settingsandprofileicons.zip,,Profile/Icon-7.svg,494,4f47af51cb1689c82131d4405edf8c6c2a4a7f59b38634dd86ffd2ca0a3f4c6a
